{"cameraMode":{"drawMode":0,"name":"Shaded","section":"Shading Mode"},"sceneLighting":false,"audioPlay":false,"sceneViewState":{"showFog":true,"showMaterialUpdate":false,"showSkybox":false,"showFlares":true,"showImageEffects":true,"showParticleSystems":true},"in2DMode":false,"pivot":{"x":7.501482009887695,"y":-2.0,"z":1.0347461700439454},"rotation":{"x":0.2846910059452057,"y":-0.08327247202396393,"z":0.024827241897583009,"w":0.9546810984611511},"size":0.8660253882408142,"orthographic":false}