{"cameraMode":{"drawMode":0,"name":"Shaded","section":"Shading Mode"},"sceneLighting":false,"audioPlay":false,"sceneViewState":{"showFog":true,"showMaterialUpdate":false,"showSkybox":false,"showFlares":true,"showImageEffects":true,"showParticleSystems":true},"in2DMode":false,"pivot":{"x":1.7097975015640259,"y":6.15614652633667,"z":6.132968425750732},"rotation":{"x":-0.24315819144248963,"y":0.07179547101259232,"z":-0.018050512298941613,"w":-0.9671593308448792},"size":5.865092754364014,"orthographic":false}