{"cameraMode":{"drawMode":0,"name":"Shaded","section":"Shading Mode"},"sceneLighting":false,"audioPlay":false,"sceneViewState":{"showFog":true,"showMaterialUpdate":false,"showSkybox":false,"showFlares":true,"showImageEffects":true,"showParticleSystems":true},"in2DMode":false,"pivot":{"x":2.2391579151153566,"y":-0.616253137588501,"z":-2.050811767578125},"rotation":{"x":0.1085950955748558,"y":0.8898686170578003,"z":-0.28437352180480959,"w":0.3398362696170807},"size":2.0592000484466554,"orthographic":false}