{"cameraMode":{"drawMode":0,"name":"Shaded","section":"Shading Mode"},"sceneLighting":false,"audioPlay":false,"sceneViewState":{"showFog":true,"showMaterialUpdate":false,"showSkybox":false,"showFlares":true,"showImageEffects":true,"showParticleSystems":true},"in2DMode":false,"pivot":{"x":-1.8016395568847657,"y":1.3843141794204713,"z":-18.84006690979004},"rotation":{"x":0.2846910059452057,"y":-0.08327247202396393,"z":0.024827241897583009,"w":0.9546810984611511},"size":1.4660253524780274,"orthographic":false}