{"cameraMode":{"drawMode":0,"name":"Shaded","section":"Shading Mode"},"sceneLighting":false,"audioPlay":false,"sceneViewState":{"showFog":true,"showMaterialUpdate":false,"showSkybox":false,"showFlares":true,"showImageEffects":true,"showParticleSystems":true},"in2DMode":false,"pivot":{"x":-6.773138523101807,"y":0.340130090713501,"z":-5.409999847412109},"rotation":{"x":0.2846910059452057,"y":-0.08327247202396393,"z":0.024827241897583009,"w":0.9546810984611511},"size":1.6482411623001099,"orthographic":false}