{"cameraMode":{"drawMode":0,"name":"Shaded","section":"Shading Mode"},"sceneLighting":false,"audioPlay":false,"sceneViewState":{"showFog":true,"showMaterialUpdate":false,"showSkybox":false,"showFlares":true,"showImageEffects":true,"showParticleSystems":true},"in2DMode":false,"pivot":{"x":8.265562057495118,"y":-1.0,"z":-5.729828357696533},"rotation":{"x":0.39705395698547366,"y":-0.005512129049748182,"z":0.002379446756094694,"w":0.9177842140197754},"size":1.4660253524780274,"orthographic":false}