{"cameraMode":{"drawMode":0,"name":"Shaded","section":"Shading Mode"},"sceneLighting":false,"audioPlay":false,"sceneViewState":{"showFog":true,"showMaterialUpdate":false,"showSkybox":false,"showFlares":true,"showImageEffects":true,"showParticleSystems":true},"in2DMode":false,"pivot":{"x":-0.24827241897583009,"y":0.6030716896057129,"z":1.338411808013916},"rotation":{"x":0.1748897135257721,"y":-0.3017418384552002,"z":0.05640588328242302,"w":0.935523509979248},"size":2.310107946395874,"orthographic":false}