{"cameraMode":{"drawMode":0,"name":"Shaded","section":"Shading Mode"},"sceneLighting":false,"audioPlay":false,"sceneViewState":{"showFog":true,"showMaterialUpdate":false,"showSkybox":false,"showFlares":true,"showImageEffects":true,"showParticleSystems":true},"in2DMode":false,"pivot":{"x":4.504411697387695,"y":3.2876975536346437,"z":-19.719505310058595},"rotation":{"x":0.30696901679039,"y":0.1350128948688507,"z":-0.04404505342245102,"w":0.9410726428031921},"size":1.732050895690918,"orthographic":false}