{"cameraMode":{"drawMode":0,"name":"Shaded","section":"Shading Mode"},"sceneLighting":false,"audioPlay":false,"sceneViewState":{"showFog":true,"showMaterialUpdate":false,"showSkybox":false,"showFlares":true,"showImageEffects":true,"showParticleSystems":true},"in2DMode":false,"pivot":{"x":9.9322509765625,"y":6.06717586517334,"z":-1.9133663177490235},"rotation":{"x":-0.48662760853767397,"y":-0.04007425531744957,"z":0.02235325053334236,"w":-0.8724090456962586},"size":7.825051784515381,"orthographic":false}