{"cameraMode":{"drawMode":0,"name":"Shaded","section":"Shading Mode"},"sceneLighting":false,"audioPlay":false,"sceneViewState":{"showFog":true,"showMaterialUpdate":false,"showSkybox":false,"showFlares":true,"showImageEffects":true,"showParticleSystems":true},"in2DMode":false,"pivot":{"x":1.9985260963439942,"y":2.6831958293914797,"z":-3.8234262466430666},"rotation":{"x":0.12894974648952485,"y":0.0014827585546299816,"z":-0.00019236434309277683,"w":0.991651713848114},"size":0.7005709409713745,"orthographic":false}